{
  "1": {
    "X": [
      [
        0.999247,
        0.985647
      ]
    ],
    "Y": [
      1.4651363789369865e-185
    ],
    "week": 1
  },
  "2": {
    "X": [
      [
        0.115878,
        0.884079
      ]
    ],
    "Y": [
      0.025881683797552953
    ],
    "week": 1
  },
  "3": {
    "X": [
      [
        0.778655,
        0.249003,
        0.41851
      ]
    ],
    "Y": [
      -0.04170018583441116
    ],
    "week": 1
  },
  "4": {
    "X": [
      [
        0.43811,
        0.032583,
        0.981555,
        0.372065
      ]
    ],
    "Y": [
      -21.253810526556737
    ],
    "week": 1
  },
  "5": {
    "X": [
      [
        0.816816,
        0.08509,
        0.386806,
        0.716711
      ]
    ],
    "Y": [
      50.439618727665014
    ],
    "week": 1
  },
  "6": {
    "X": [
      [
        0.834917,
        0.531385,
        0.123811,
        0.512032,
        0.474771
      ]
    ],
    "Y": [
      -1.8257197043544238
    ],
    "week": 1
  },
  "7": {
    "X": [
      [
        0.333,
        0.31,
        0.25,
        0.8,
        0.8,
        0.05
      ]
    ],
    "Y": [
      0.12068188764397988
    ],
    "week": 1
  },
  "8": {
    "X": [
      [
        0.241537,
        0.754347,
        0.171428,
        0.086557,
        0.351128,
        0.974082,
        0.194979,
        0.655785
      ]
    ],
    "Y": [
      9.2596670106315
    ],
    "week": 1
  }
}